dno,region_id,area_count,total_population,deprivation_pctile_wtd,d4_score
SSEN (Scottish Hydro),1,2003,1541940.0,43.1739,0.246577
SP Distribution,2,4973,3882860.0,51.7354,0.501396
Electricity North West,3,3508,5639726.0,56.8618,0.653975
Northern Powergrid (Northeast),4,1657,2620645.0,60.464,0.761188
Northern Powergrid (Yorkshire),5,3317,5383626.0,56.4102,0.640533
SP Manweb,6,1537,1527365.0,68.4877,1.0
NGED South Wales,7,1361,1361.0,52.613,0.527516
NGED West Midlands,8,3487,5747778.0,56.887,0.654725
NGED East Midlands,9,2774,4670229.0,47.759,0.383045
UKPN East of England,10,3614,6068635.0,42.7147,0.23291
NGED South West,11,3281,5467722.0,44.8478,0.296398
SSEN (Southern Electric),12,2609,4307595.0,34.8893,0.0
UKPN London,13,4835,8662622.0,54.6418,0.5879
UKPN South East,14,2773,4632809.0,40.1967,0.157966
